{
  "Length":
  {
    "inch":
    {
      "inch": 1.0,
      "foot": 0.08333333,
      "yard": 0.02777778,
      "mile": 0.0000157828,
      "mm": 25.4,
      "cm": 2.54,
      "m": 0.0254,
      "km": 0.0000254
    },
    "foot":
    {
      "inch": 12.0,
      "foot": 1.0,
      "yard": 0.33333333,
      "mile": 0.0001893939,
      "mm": 304.8,
      "cm": 30.48,
      "m": 0.3048,
      "km": 0.0003048
    },
    "yard":
    {
      "inch": 36.0,
      "foot": 3.0,
      "yard": 1.0,
      "mile": 0.000568181818,
      "mm": 914.4,
      "cm": 91.44,
      "m": 0.9144,
      "km": 0.0009144
    },
    "mile":
    {
      "inch": 63360.0,
      "foot": 5280.0,
      "yard": 1760.0,
      "mile": 1.0,
      "mm": 1609344.0,
      "cm": 160934.4,
      "m": 1609.344,
      "km": 1.609344
    },
    "mm":
    {
      "inch": 0.0393700787,
      "foot": 0.0032808399,
      "yard": 0.0010936133,
      "mile": 0.000000621371192,
      "mm": 0.001,
      "cm": 0.1,
      "m": 1.0,
      "km": 0.000001
    },
    "cm":
    {
      "inch": 0.393700787,
      "foot": 0.032808399,
      "yard": 0.010936133,
      "mile": 0.00000621371192,
      "mm": 10,
      "cm": 1.0,
      "m": 0.01,
      "km": 0.00001
    },
    "m":
    {
      "inch": 39.3700787,
      "foot": 3.2808399,
      "yard": 1.0936133,
      "mile": 0.000621371192,
      "mm": 1000,
      "cm": 100,
      "m": 1.0,
      "km": 0.001
    },
    "km":
    {
      "inch": 39370.0787,
      "foot": 3280.8399,
      "yard": 1093.6133,
      "mile": 0.621371192,
      "mm": 1000000.0,
      "cm": 100000.0,
      "m": 1000.0,
      "km": 1.0
    }
  },
  "Weight":
  {
    "grain":
    {
      "grain": 1.0,
      "dram": 1.0,
      "ounce": 1.0,
      "pound": 1.0,
      "mg": 1.0,
      "g": 1.0,
      "kg": 1.0
    },
    "dram":
    {
      "grain": 1.0,
      "dram": 1.0,
      "ounce": 1.0,
      "pound": 1.0,
      "mg": 1.0,
      "g": 1.0,
      "kg": 1.0
    },
    "ounce":
    {
      "grain": 1.0,
      "dram": 1.0,
      "ounce": 1.0,
      "pound": 1.0,
      "mg": 1.0,
      "g": 1.0,
      "kg": 1.0
    },
    "pound":
    {
      "grain": 1.0,
      "dram": 1.0,
      "ounce": 1.0,
      "pound": 1.0,
      "mg": 1.0,
      "g": 1.0,
      "kg": 1.0
    },
    "mg":
    {
      "grain": 1.0,
      "dram": 1.0,
      "ounce": 1.0,
      "pound": 1.0,
      "mg": 1.0,
      "g": 1.0,
      "kg": 1.0
    },
    "g":
    {
      "grain": 1.0,
      "dram": 1.0,
      "ounce": 1.0,
      "pound": 1.0,
      "mg": 1.0,
      "g": 1.0,
      "kg": 1.0
    },
    "kg":
    {
      "grain": 1.0,
      "dram": 1.0,
      "ounce": 1.0,
      "pound": 1.0,
      "mg": 1.0,
      "g": 1.0,
      "kg": 1.0
    }
  },
  "Temperature":
  {
    "fahrenheit":
    {
      "fahrenheit": 1.0,
      "kelvin": 1.0,
      "celsius": 1.0
    },
    "kelvin":
    {
      "fahrenheit": 1.0,
      "kelvin": 1.0,
      "celsius": 1.0
    },
    "celsius":
    {
      "fahrenheit": 1.0,
      "kelvin": 1.0,
      "celsius": 1.0
    }
  }
}