{
  "Length":
  {
    "inch":
    {
      "inch": 1.0,
      "foot": 0.08333333,
      "yard": 0.02777778,
      "mile": 0.0000157828,
      "mm": 25.4,
      "cm": 2.54,
      "m": 0.0254,
      "km": 0.0000254
    },
    "foot":
    {
      "inch": 12.0,
      "foot": 1.0,
      "yard": 0.33333333,
      "mile": 0.0001893939,
      "mm": 304.8,
      "cm": 30.48,
      "m": 0.3048,
      "km": 0.0003048
    },
    "yard":
    {
      "inch": 36.0,
      "foot": 3.0,
      "yard": 1.0,
      "mile": 0.000568181818,
      "mm": 914.4,
      "cm": 91.44,
      "m": 0.9144,
      "km": 0.0009144
    },
    "mile":
    {
      "inch": 63360.0,
      "foot": 5280.0,
      "yard": 1760.0,
      "mile": 1.0,
      "mm": 1609344.0,
      "cm": 160934.4,
      "m": 1609.344,
      "km": 1.609344
    },
    "mm":
    {
      "inch": 0.0393700787,
      "foot": 0.0032808399,
      "yard": 0.0010936133,
      "mile": 0.000000621371192,
      "mm": 0.001,
      "cm": 0.1,
      "m": 1.0,
      "km": 0.000001
    },
    "cm":
    {
      "inch": 0.393700787,
      "foot": 0.032808399,
      "yard": 0.010936133,
      "mile": 0.00000621371192,
      "mm": 10,
      "cm": 1.0,
      "m": 0.01,
      "km": 0.00001
    },
    "m":
    {
      "inch": 39.3700787,
      "foot": 3.2808399,
      "yard": 1.0936133,
      "mile": 0.000621371192,
      "mm": 1000,
      "cm": 100,
      "m": 1.0,
      "km": 0.001
    },
    "km":
    {
      "inch": 39370.0787,
      "foot": 3280.8399,
      "yard": 1093.6133,
      "mile": 0.621371192,
      "mm": 1000000.0,
      "cm": 100000.0,
      "m": 1000.0,
      "km": 1.0
    }
  },
  "Weight":
  {
    "grain":
    {
      "grain": 1.0,
      "dram": 0.0365714286,
      "ounce": 0.00228571429,
      "pound": 0.000142857143,
      "mg": 64.79891,
      "g": 0.06479891,
      "kg": 0.00006479891
    },
    "dram":
    {
      "grain": 27.34375,
      "dram": 1.0,
      "ounce": 0.0625,
      "pound": 0.00390625,
      "mg": 1771.8452,
      "g": 1.7718452,
      "kg": 0.0017718452
    },
    "ounce":
    {
      "grain": 437.5,
      "dram": 16.0,
      "ounce": 1.0,
      "pound": 0.0625,
      "mg": 28349.5231,
      "g": 28.3495231,
      "kg": 0.0283495231
    },
    "pound":
    {
      "grain": 7000.0,
      "dram": 256.0,
      "ounce": 16.0,
      "pound": 1.0,
      "mg": 453592.37,
      "g": 453.59237,
      "kg": 0.45359237
    },
    "mg":
    {
      "grain": 0.0154323584,
      "dram": 0.000564383391,
      "ounce": 0.0000352739619,
      "pound": 0.00000220462262,
      "mg": 1.0,
      "g": 0.001,
      "kg": 0.000001
    },
    "g":
    {
      "grain": 15.4323584,
      "dram": 0.564383391,
      "ounce": 0.0352739619,
      "pound": 0.00220462262,
      "mg": 1000.0,
      "g": 1.0,
      "kg": 0.001
    },
    "kg":
    {
      "grain": 15432.3584,
      "dram": 564.383391,
      "ounce": 35.2739619,
      "pound": 2.20462262,
      "mg": 1000000.0,
      "g": 1000.0,
      "kg": 1.0
    }
  },
  "Volume":
  {
    "cup": {
      "cup": 1.0,
      "pint": 0.5,
      "quart": 0.25,
      "gallon": 0.0625,
      "barrel": 0.00201613,
      "ml": 236.588,
      "l": 0.236588
    },
    "pint": {
      "cup": 2.0,
      "pint": 1.0,
      "quart": 0.5,
      "gallon": 0.125,
      "barrel": 0.00403226,
      "ml": 473.176,
      "l": 0.473176
    },
    "quart": {
      "cup": 4.0,
      "pint": 2.0,
      "quart": 1.0,
      "gallon": 0.25,
      "barrel": 0.00806452,
      "ml": 946.353,
      "l": 0.946353
    },
    "gallon": {
      "cup": 16.0,
      "pint": 8.0,
      "quart": 4.0,
      "gallon": 1.0,
      "barrel": 0.0322581,
      "ml": 3785.41,
      "l": 3.78541
    },
    "barrel": {
      "cup": 496.0,
      "pint": 248.0,
      "quart": 124.0,
      "gallon": 31.0,
      "barrel": 1.0,
      "ml": 117348.0,
      "l": 117.348
    },
    "ml": {
      "cup": 0.00422675,
      "pint": 0.00211338,
      "quart": 0.00105669,
      "gallon": 0.000264172,
      "barrel": 0.00000852168,
      "ml": 1.0,
      "l": 0.001
    },
    "l": {
      "cup": 4.22675,
      "pint": 2.11338,
      "quart": 1.05669,
      "gallon": 0.264172,
      "barrel": 0.00852168,
      "ml": 1000.0,
      "l": 1.0
    }
  }
}